ID,Name,StudyHours,Attendance,Marks,Grade,Result,PerformanceScore
9,Student_9,6.4,66,43.6,F,Fail,52.16
16,Student_16,2.7,67,45.8,F,Fail,46.279999999999994
25,Student_25,5.1,81,49.1,F,Fail,55.86
32,Student_32,2.5,70,45.3,F,Fail,46.17999999999999
34,Student_34,9.5,56,47.7,F,Fail,58.82
38,Student_38,1.9,58,42.2,F,Fail,40.72
42,Student_42,5.5,99,45.3,F,Fail,57.98
56,Student_56,9.3,73,47.0,F,Fail,61.4
64,Student_64,4.2,89,44.9,F,Fail,53.13999999999999
72,Student_72,2.8,78,48.0,F,Fail,50.0
81,Student_81,8.8,93,48.8,F,Fail,65.47999999999999
84,Student_84,1.6,91,41.5,F,Fail,46.3
85,Student_85,3.8,83,48.1,F,Fail,53.06
93,Student_93,7.8,88,46.3,F,Fail,60.98
98,Student_98,4.8,93,49.1,F,Fail,57.660000000000004
99,Student_99,1.2,65,43.7,F,Fail,41.62
102,Student_102,6.7,59,43.5,F,Fail,51.3
104,Student_104,5.6,74,43.5,F,Fail,52.099999999999994
108,Student_108,7.8,50,48.5,F,Fail,54.699999999999996
109,Student_109,3.1,79,47.3,F,Fail,50.38
111,Student_111,3.6,52,46.1,F,Fail,45.260000000000005
113,Student_113,9.4,63,43.7,F,Fail,57.620000000000005
122,Student_122,9.1,95,47.8,F,Fail,65.88
131,Student_131,4.8,86,40.7,F,Fail,51.220000000000006
134,Student_134,4.0,88,41.2,F,Fail,50.32000000000001
140,Student_140,9.7,74,40.7,F,Fail,58.62
146,Student_146,1.3,100,46.6,F,Fail,50.56
150,Student_150,3.5,92,45.9,F,Fail,52.94
152,Student_152,3.2,75,49.0,F,Fail,50.8
168,Student_168,2.7,99,42.3,F,Fail,50.58
176,Student_176,2.6,62,44.0,F,Fail,44.0
178,Student_178,4.5,74,49.0,F,Fail,53.2
182,Student_182,2.0,86,42.5,F,Fail,46.7
183,Student_183,9.3,83,45.1,F,Fail,62.26
185,Student_185,3.3,90,44.3,F,Fail,51.18
186,Student_186,6.9,52,44.3,F,Fail,50.78
187,Student_187,8.4,77,40.7,F,Fail,56.620000000000005
197,Student_197,7.5,89,45.9,F,Fail,60.34
201,Student_201,6.8,83,41.3,F,Fail,54.98
202,Student_202,1.8,73,44.9,F,Fail,45.14
209,Student_209,1.0,67,47.3,F,Fail,43.78
214,Student_214,3.0,77,42.5,F,Fail,46.9
224,Student_224,4.3,52,47.7,F,Fail,47.620000000000005
234,Student_234,5.4,68,47.3,F,Fail,52.78
254,Student_254,3.9,80,42.6,F,Fail,49.36
255,Student_255,2.5,72,49.9,F,Fail,49.339999999999996
256,Student_256,6.0,91,47.9,F,Fail,58.94
272,Student_272,8.3,81,49.6,F,Fail,62.559999999999995
274,Student_274,9.2,95,40.6,F,Fail,61.76
278,Student_278,6.8,66,46.0,F,Fail,54.4
289,Student_289,3.6,56,40.3,F,Fail,42.58
291,Student_291,1.3,90,42.1,F,Fail,45.86000000000001
297,Student_297,7.9,86,48.9,F,Fail,62.33999999999999
309,Student_309,8.2,71,40.2,F,Fail,54.72
313,Student_313,1.2,71,45.6,F,Fail,43.96
317,Student_317,4.7,63,43.9,F,Fail,48.339999999999996
327,Student_327,6.0,82,44.6,F,Fail,55.160000000000004
328,Student_328,6.5,55,43.5,F,Fail,50.099999999999994
335,Student_335,1.4,75,48.8,F,Fail,47.08
338,Student_338,7.3,83,45.3,F,Fail,58.38
348,Student_348,1.4,78,47.1,F,Fail,46.66
357,Student_357,1.2,76,41.6,F,Fail,42.56
358,Student_358,6.3,52,41.5,F,Fail,47.9
372,Student_372,1.2,50,48.0,F,Fail,41.199999999999996
373,Student_373,1.8,87,44.8,F,Fail,47.88
379,Student_379,8.3,73,49.5,F,Fail,60.9
381,Student_381,2.1,67,48.1,F,Fail,46.46
385,Student_385,7.6,76,44.1,F,Fail,56.86
386,Student_386,8.2,57,43.4,F,Fail,53.839999999999996
396,Student_396,9.4,56,43.9,F,Fail,56.34
398,Student_398,4.9,78,42.0,F,Fail,50.599999999999994
399,Student_399,7.8,93,43.8,F,Fail,60.48
406,Student_406,9.1,79,41.3,F,Fail,58.78
411,Student_411,3.9,69,43.1,F,Fail,47.459999999999994
424,Student_424,5.4,70,46.8,F,Fail,52.879999999999995
425,Student_425,1.5,67,49.1,F,Fail,45.86
431,Student_431,2.3,87,46.9,F,Fail,50.14
434,Student_434,1.9,94,44.1,F,Fail,49.06
437,Student_437,1.7,87,44.9,F,Fail,47.74
440,Student_440,1.7,60,49.9,F,Fail,45.339999999999996
448,Student_448,7.8,81,43.7,F,Fail,58.02
456,Student_456,5.4,89,49.9,F,Fail,58.53999999999999
468,Student_468,8.8,75,41.6,F,Fail,57.56
469,Student_469,3.0,71,43.9,F,Fail,46.54
474,Student_474,9.0,75,46.3,F,Fail,60.78
490,Student_490,9.0,80,49.5,F,Fail,63.7
498,Student_498,1.7,77,48.4,F,Fail,47.839999999999996
503,Student_503,3.8,69,49.1,F,Fail,50.86000000000001
506,Student_506,2.5,55,45.0,F,Fail,43.0
518,Student_518,8.3,62,49.7,F,Fail,58.82
519,Student_519,9.9,74,40.8,F,Fail,59.08
524,Student_524,8.6,85,44.8,F,Fail,61.08
542,Student_542,6.5,100,46.0,F,Fail,60.599999999999994
544,Student_544,7.0,78,48.5,F,Fail,58.7
555,Student_555,8.9,86,47.6,F,Fail,63.56
559,Student_559,7.8,69,44.2,F,Fail,55.92
570,Student_570,4.1,64,42.0,F,Fail,46.2
582,Student_582,9.8,89,46.7,F,Fail,65.42
589,Student_589,2.2,85,46.6,F,Fail,49.36
591,Student_591,2.2,79,42.5,F,Fail,45.699999999999996
600,Student_600,1.4,87,41.1,F,Fail,44.86
607,Student_607,2.9,69,46.8,F,Fail,47.67999999999999
610,Student_610,7.2,55,45.8,F,Fail,52.879999999999995
626,Student_626,4.3,60,44.7,F,Fail,47.42
629,Student_629,1.3,63,42.1,F,Fail,40.46
634,Student_634,5.8,61,43.8,F,Fail,50.08
637,Student_637,5.8,50,46.9,F,Fail,49.74
638,Student_638,3.2,54,45.6,F,Fail,44.559999999999995
658,Student_658,4.3,55,46.3,F,Fail,47.38
667,Student_667,3.2,75,44.3,F,Fail,47.98
671,Student_671,2.6,55,42.7,F,Fail,41.82000000000001
672,Student_672,9.1,86,48.4,F,Fail,64.44
682,Student_682,3.3,73,40.3,F,Fail,45.38
683,Student_683,2.5,92,40.5,F,Fail,47.7
685,Student_685,9.4,74,42.2,F,Fail,58.92
686,Student_686,6.0,99,46.5,F,Fail,59.7
694,Student_694,3.2,93,45.2,F,Fail,52.12
696,Student_696,6.5,69,46.8,F,Fail,54.879999999999995
703,Student_703,4.0,99,47.9,F,Fail,56.54
715,Student_715,4.1,50,40.1,F,Fail,42.260000000000005
717,Student_717,8.5,92,43.1,F,Fail,61.260000000000005
719,Student_719,2.1,79,43.6,F,Fail,46.160000000000004
722,Student_722,2.6,66,46.9,F,Fail,46.54
726,Student_726,8.6,89,47.3,F,Fail,63.379999999999995
730,Student_730,2.5,57,44.8,F,Fail,43.28
737,Student_737,4.5,80,40.6,F,Fail,49.36
743,Student_743,7.7,75,47.2,F,Fail,58.72
745,Student_745,3.1,51,44.0,F,Fail,42.800000000000004
747,Student_747,4.5,55,48.5,F,Fail,49.099999999999994
748,Student_748,5.9,58,40.7,F,Fail,47.82000000000001
753,Student_753,6.6,62,42.6,F,Fail,51.16
754,Student_754,4.0,58,47.4,F,Fail,48.04
781,Student_781,7.2,50,48.6,F,Fail,53.559999999999995
784,Student_784,4.1,64,49.3,F,Fail,50.58
785,Student_785,2.6,70,41.5,F,Fail,44.1
789,Student_789,5.2,82,44.3,F,Fail,53.38
799,Student_799,7.3,57,48.4,F,Fail,55.04
801,Student_801,7.4,63,41.7,F,Fail,52.42
805,Student_805,4.8,58,42.3,F,Fail,46.580000000000005
806,Student_806,7.6,52,41.9,F,Fail,50.739999999999995
808,Student_808,9.3,75,49.6,F,Fail,63.36
809,Student_809,5.1,57,41.4,F,Fail,46.44
814,Student_814,9.3,78,47.0,F,Fail,62.4
827,Student_827,4.1,97,49.2,F,Fail,57.120000000000005
836,Student_836,4.8,72,43.5,F,Fail,50.1
843,Student_843,2.6,60,48.4,F,Fail,46.24
855,Student_855,2.8,95,42.4,F,Fail,50.04
864,Student_864,5.0,85,47.8,F,Fail,55.67999999999999
866,Student_866,6.0,67,47.5,F,Fail,53.9
871,Student_871,4.4,75,48.9,F,Fail,53.14
893,Student_893,8.5,91,46.6,F,Fail,63.16
898,Student_898,9.1,71,43.7,F,Fail,58.620000000000005
904,Student_904,6.2,59,41.1,F,Fail,48.86
909,Student_909,3.3,65,48.1,F,Fail,48.46
916,Student_916,4.9,73,40.5,F,Fail,48.7
921,Student_921,8.8,74,40.9,F,Fail,56.940000000000005
932,Student_932,8.5,93,45.3,F,Fail,62.78
934,Student_934,5.7,82,44.7,F,Fail,54.62
937,Student_937,1.2,71,44.0,F,Fail,43.0
939,Student_939,2.1,86,46.7,F,Fail,49.42
942,Student_942,6.0,77,44.3,F,Fail,53.98
946,Student_946,1.1,59,44.6,F,Fail,40.760000000000005
950,Student_950,6.4,74,43.0,F,Fail,53.400000000000006
968,Student_968,3.7,87,47.4,F,Fail,53.24
974,Student_974,2.9,85,44.3,F,Fail,49.379999999999995
982,Student_982,7.9,82,48.6,F,Fail,61.36
989,Student_989,3.2,51,43.3,F,Fail,42.58
992,Student_992,7.3,76,40.0,F,Fail,53.800000000000004
994,Student_994,6.3,70,42.8,F,Fail,52.279999999999994
997,Student_997,9.3,57,43.8,F,Fail,56.28
999,Student_999,9.6,52,40.2,F,Fail,53.72
